id,name,location,lat,lng,description,real_ales_available,review_rating
1,Gallagher's Traditional Pub,Birkenhead,53.3867,-3.0186,Historic military-themed pub from the 1820s with a barber shop inside. Irish-owned establishment known for traditional atmosphere and real ale.,4,8.5
2,Bow-Legged Beagle,Bromborough,53.3545,-3.0436,"Award-winning micro pub celebrating locally produced cask and craft ale. First opened on New Brighton's Victoria Road, now with multiple locations across Merseyside.",8,9.2
3,The Coop,Crosby,53.4778,-3.0275,"Old school pub on College Road with Canadian maple flooring, low lighting and a welcoming bookcase. Opened October 2023 and quickly became a local favourite.",5,8.8
4,Beer Station,Freshfield,53.5403,-3.0753,Compact pub near Freshfield station on Victoria Road in Formby. Known for quality real ale selection in an intimate setting.,6,8.9
5,The Philharmonic Dining Rooms,Liverpool City Centre,53.4084,-2.9613,"Historic Victorian pub in Liverpool's city centre, known for its ornate interior and classic real ale selection.",7,9.0
6,The White Star Pub,Liverpool City Centre,53.4041,-2.9726,"Traditional pub with nautical heritage, serving quality real ales and local beers in a welcoming atmosphere.",5,8.4
7,The Athenaeum,Liverpool City Centre,53.4105,-2.9708,Grade II listed Georgian building housing a distinctive pub with character and an excellent selection of real ales.,8,9.1
8,The Grapes,New Ferry,53.3633,-3.0305,Waterfront pub with views and a selection of quality real ales. Popular meeting spot for locals and visitors alike.,6,8.6
9,The Gate Inn,Newton-le-Willows,53.4511,-2.6177,"Community pub off the beaten track, offering genuine local hospitality and a fine selection of real ales.",4,8.2
10,The Beehive,Bebington,53.3534,-3.0636,Traditional community pub serving the Bebington area with quality real ales and a warm welcome.,5,8.3
